,MAE,RMSE,MAPE,R²
XGBoost,92.39025940971905,164.93474438674983,70065493337.78856,0.7306688645502879
Naive (last week),93.51763928382717,162.22310780355974,inf,
Moving Average (4w),124.42153452791317,205.38527251232813,inf,
Seasonal Naive,258.03477771436474,394.23970637191155,,
Prophet,1579.1714272063884,2208.7867072315053,62.28261497441796,
