,MAE,RMSE,MAPE,R²
XGBoost,91.52344700719411,162.39804971204734,75461753290.50623,0.7388897760576302
Naive (last week),93.51763928382717,162.22310780355974,inf,
Moving Average (4w),124.42153452791317,205.38527251232813,inf,
Seasonal Naive,258.03477771436474,394.23970637191155,,
Prophet,1579.9960590415049,2175.5969184910796,61.13461128945846,
