,MAE,RMSE,MAPE
Moving Average (4w),653.9442653606425,1464.655305089858,286356804505.71387
Naive (last week),811.4493549596656,1907.334297336194,279921163783.1882
Seasonal Naive,898.4766834945978,2053.168356583337,
